{"cameraMode":{"drawMode":0,"name":"Shaded","section":"Shading Mode"},"sceneLighting":false,"audioPlay":false,"sceneViewState":{"m_AlwaysRefresh":false,"showFog":true,"showSkybox":false,"showFlares":true,"showImageEffects":true,"showParticleSystems":true,"showVisualEffectGraphs":true,"m_FxEnabled":true},"in2DMode":false,"pivot":{"x":0.49652141332626345,"y":5.165370941162109,"z":-0.2348189353942871},"rotation":{"x":0.0005908100865781307,"y":-0.9984215497970581,"z":-0.010170741938054562,"w":-0.05549411103129387},"size":3.4646430015563967,"orthographic":false}