{"cameraMode":{"drawMode":0,"name":"Shaded","section":"Shading Mode"},"sceneLighting":false,"audioPlay":false,"sceneViewState":{"m_AlwaysRefresh":false,"showFog":true,"showSkybox":false,"showFlares":true,"showImageEffects":true,"showParticleSystems":true,"showVisualEffectGraphs":true,"m_FxEnabled":true},"in2DMode":false,"pivot":{"x":-0.12354326248168946,"y":-0.0021338462829589845,"z":0.007440388202667236},"rotation":{"x":-0.03563612699508667,"y":0.051810868084430698,"z":0.001815440715290606,"w":0.9980326890945435},"size":1.7697269916534424,"orthographic":false}